PLZ4;Distanz v. Olten
1000;169.789
1000;169.789
1000;169.789
1003;169.789
1004;169.789
1005;169.789
1006;169.789
1007;169.789
1008;169.675
1008;168.122
1008;167.758
1009;165.335
1010;169.789
1011;169.789
1012;169.789
1015;168.259
1015;168.751
1015;170.748
1018;169.789
1020;168.122
1022;168.259
1023;165.494
1023;169.789
1024;168.751
1025;170.748
1026;168.573
1026;167.508
1027;170.027
1028;170.95
1029;164.581
1030;165.818
1031;162.811
1031;164.077
1032;169.789
1032;167.495
1033;164.907
1033;165.494
1033;169.789
1034;160.863
1035;160.372
1036;160.742
1037;165.13
1038;150.055
1038;141.206
1038;138.385
1040;151.76
1040;149.965
1040;149.965
1040;159.029
1041;153.872
1041;146.407
1041;153.872
1041;153.872
1041;157.462
1041;155.848
1042;156.485
1042;157.722
1042;156.285
1043;153.872
1044;152.463
1045;138.43
1045;149.253
1046;148.476
1047;148.476
1047;147.19
1052;169.789
1052;170.015
1053;156.175
1053;168.595
1053;169.789
1053;156.175
1054;166.559
1055;165.252
1058;146.407
1059;142.537
1059;146.407
1061;146.407
1062;146.407
1063;138.385
1063;138.385
1063;141.206
1063;138.385
1063;146.407
1066;167.69
1066;169.789
1068;165.335
1070;156.735
1070;160.59
1070;151.735
1071;155.509
1071;155.971
1071;158.072
1071;151.735
1071;156.735
1071;155.971
1071;158.072
1071;151.735
1072;162.194
1073;166.971
1073;162.194
1073;166.971
1076;999.999
1077;148.809
1078;144.909
1080;162.194
1080;148.809
1081;148.188
1082;147.766
1083;999.999
1084;143.4
1084;999.999
1085;147.614
1085;143.4
1088;144.881
1090;163.714
1090;166.971
1091;162.194
1091;160.59
1091;166.971
1091;160.59
1091;160.59
1092;164.829
1092;163.714
1093;163.714
1094;163.536
1095;163.714
1095;160.59
1096;156.735
1096;160.59
1096;160.59
1097;160.59
1098;156.735
1098;160.59
1110;172.228
1112;172.968
1113;172.968
1114;172.968
1115;168.608
1116;170.948
1117;168.693
1121;170.262
1122;167.702
1123;165.644
1124;165.338
1125;172.968
1126;176.017
1127;173.183
1128;174.207
1128;173.675
1131;173.881
1132;175.337
1134;176.136
1134;173.966
1135;176.86
1136;176.233
1141;172.133
1142;173.381
1143;174.207
1143;172.133
1144;178.416
1145;188.651
1145;186.777
1146;180.12
1147;177.225
1148;173.897
1148;172.724
1148;173.897
1148;170.921
1148;168.469
1148;165.121
1148;167.805
1148;170.357
1148;163.123
1148;173.897
1149;182.96
1149;188.651
1162;175.337
1162;178.631
1163;184.083
1164;183.708
1165;181.583
1166;183.604
1166;185.44
1167;176.019
1168;178.019
1169;180.135
1170;184.078
1170;185.376
1170;180.817
1172;184.078
1172;185.147
1173;183.604
1174;185.376
1174;184.078
1175;180.817
1176;186.777
1180;192.319
1180;189.732
1180;187.254
1180;192.319
1180;187.72
1182;189.732
1183;189.879
1183;189.732
1184;191.838
1184;190.601
1185;192.319
1185;188.117
1186;192.319
1186;189.732
1187;192.855
1188;191.321
1188;194.397
1188;194.397
1189;189.42
1195;190.548
1195;192.128
1195;190.548
1195;189.732
1196;194.635
1196;197.132
1197;197.132
1201;223.561
1202;223.561
1202;219.307
1202;219.772
1203;223.561
1204;223.561
1205;223.561
1206;223.561
1207;223.561
1208;223.561
1209;223.561
1209;219.307
1209;222.508
1212;233.511
1212;228.275
1212;227.116
1212;230.468
1213;223.561
1213;228.275
1213;228.275
1213;227.116
1214;222.875
1214;225.6
1214;222.508
1215;219.307
1215;222.875
1216;219.307
1216;222.875
1216;222.508
1217;222.875
1217;225.6
1218;223.561
1218;219.307
1219;222.508
1219;222.508
1219;222.508
1220;222.508
1222;229.061
1223;225.261
1224;226.058
1225;226.069
1226;229.355
1227;233.511
1227;223.561
1227;228.275
1227;233.511
1227;223.561
1227;228.275
1228;227.703
1228;228.275
1228;230.468
1231;226.058
1231;223.561
1232;228.488
1232;227.703
1233;228.488
1234;236.312
1236;234.642
1236;228.488
1236;230.465
1236;231.76
1237;234.471
1237;236.128
1239;219.351
1241;229.869
1242;225.6
1243;233.553
1244;229.33
1245;229.061
1246;231.376
1247;233.646
1248;235.604
1251;233.439
1252;231.571
1253;227.588
1254;233.439
1254;234.64
1255;233.569
1255;236.312
1256;228.275
1256;230.468
1256;233.569
1256;236.312
1257;232.302
1257;230.468
1257;233.569
1258;232.302
1258;230.044
1260;199.811
1260;197.132
1261;197.322
1261;198.359
1261;196.007
1262;200.407
1263;203.547
1264;202.113
1264;211.947
1265;211.947
1266;196.836
1267;193.693
1267;195.597
1268;196.444
1268;189.879
1268;194.3
1268;190.601
1269;198.556
1270;201.096
1271;199.443
1272;198.225
1272;199.443
1273;202.113
1274;199.453
1274;200.324
1274;199.453
1275;201.871
1275;204.801
1276;201.871
1276;201.893
1276;211.947
1277;201.606
1277;201.704
1277;201.606
1278;204.801
1279;206.321
1279;207.148
1281;230.402
1281;225.6
1283;234.5
1283;234.5
1284;236.128
1285;234.642
1285;236.128
1286;228.488
1286;233.034
1287;231.76
1288;230.545
1290;210.323
1290;219.351
1290;222.443
1290;213.18
1290;209.485
1291;207.819
1292;223.561
1292;219.772
1293;220.563
1293;222.443
1294;220.563
1294;222.443
1295;210.323
1295;209.419
1295;209.419
1296;209.532
1297;209.532
1297;208.032
1298;207.581
1299;204.178
1302;164.077
1303;161.453
1304;164.974
1304;162.342
1304;164.974
1304;166.525
1305;162.918
1306;156.285
1306;162.059
1307;160.064
1308;167.805
1312;158.033
1313;160.351
1315;159.5
1316;167.805
1316;161.985
1317;155.027
1318;156.765
1321;153.667
1322;158.787
1323;159.324
1324;159.918
1325;168.469
1325;165.679
1326;162.008
1329;157.028
1337;162.948
1338;158.271
1341;184.253
1342;175.704
1343;175.089
1344;175.704
1345;175.089
1345;175.089
1346;175.704
1347;184.253
1347;184.253
1348;184.253
1350;150.183
1352;152.304
1353;154.086
1354;152.629
1355;155.214
1355;154.226
1356;152.993
1356;152.993
1357;155.057
1358;149.785
1372;155.027
1372;150.483
1373;147.742
1374;147.742
1375;150.832
1376;154.589
1376;154.589
1376;154.589
1377;154.5
1400;141.683
1400;139.706
1400;141.683
1400;143.831
1404;143.831
1404;139.416
1405;141.489
1406;144.667
1407;138.834
1407;149.253
1407;138.834
1407;138.834
1407;149.253
1408;138.834
1409;138.385
1410;138.385
1410;138.385
1410;138.385
1410;131.481
1410;138.385
1412;141.952
1412;143.492
1413;145.377
1415;134.744
1415;132.224
1416;146.354
1417;142.209
1417;142.209
1418;146.105
1420;148.55
1421;130.153
1421;132.564
1422;135.85
1423;133.353
1423;128.853
1423;133.353
1423;133.353
1423;133.353
1424;127.148
1425;122.9
1426;119.746
1426;121.225
1427;128.853
1428;119.746
1428;120.717
1428;119.083
1429;137.813
1430;146.621
1431;150.446
1431;132.028
1432;140.948
1432;141.952
1432;139.706
1433;143.781
1434;141.172
1435;147.742
1436;142.799
1436;147.059
1437;147.582
1438;147.37
1439;151.177
1441;143.683
1442;142.607
1443;144.984
1443;144.984
1443;144.984
1445;160.008
1445;148.416
1446;150.927
1450;160.008
1450;160.008
1450;160.008
1452;160.387
1452;160.008
1453;160.387
1453;148.55
1453;130.153
1453;137.682
1453;133.353
1454;160.008
1454;160.008
1462;130.376
1463;128.935
1464;130.736
1464;132.017
1468;999.999
1470;999.999
1470;121.2
1470;999.999
1470;121.2
1470;121.2
1473;999.999
1473;121.747
1474;999.999
1475;999.999
1475;999.999
1475;999.999
1482;118.207
1483;121.2
1483;120.744
1483;120.744
1483;118.207
1484;120.744
1484;120.744
1485;123.954
1485;127.161
1486;999.999
1489;999.999
1509;142.739
1510;137.198
1510;139.998
1512;138.795
1513;142.537
1513;147.766
1513;139.872
1514;135.73
1515;134.128
1515;138.385
1521;132.446
1522;133.477
1522;127.161
1522;133.477
1523;127.161
1524;127.161
1525;127.41
1525;127.161
1525;130.798
1525;127.161
1526;133.477
1526;133.477
1527;130.798
1528;130.798
1528;130.798
1529;126.244
1530;117.08
1532;118.541
1533;121.635
1534;120.744
1534;127.161
1534;126.244
1535;127.161
1536;127.161
1537;130.818
1538;129.236
1541;999.999
1541;999.999
1541;116.99
1542;999.999
1543;116.671
1544;112.697
1545;119.621
1551;117.08
1552;122.557
1553;116.845
1554;127.32
1554;127.32
1555;127.32
1562;113.654
1562;111.42
1562;117.08
1563;999.999
1564;999.999
1565;109.188
1565;111.107
1566;108.135
1566;108.135
1567;110.171
1568;110.171
1580;999.999
1580;104.689
1580;999.999
1580;104.689
1580;104.689
1583;101.296
1584;109.199
1585;109.199
1585;109.199
1585;109.199
1586;109.199
1587;109.199
1587;109.199
1588;103.726
1589;109.199
1595;98.932
1595;99.86
1607;142.126
1607;142.126
1607;142.126
1607;156.735
1607;142.126
1608;142.126
1608;142.126
1608;142.126
1608;142.617
1609;137.592
1609;137.592
1609;137.592
1610;142.126
1610;142.126
1610;142.126
1611;133.477
1612;148.122
1612;142.126
1613;136.589
1614;146.702
1614;151.735
1615;146.368
1616;148.122
1617;143.985
1617;148.122
1618;142.721
1618;143.985
1619;142.721
1623;134.128
1624;133.477
1624;133.477
1624;134.128
1624;133.477
1625;131.448
1625;131.448
1626;131.448
1626;131.448
1626;131.448
1627;128.749
1627;134.128
1628;123.509
1628;125.538
1630;124.084
1630;125.538
1632;123.509
1633;122.196
1633;122.196
1634;128.983
1634;118.563
1635;124.084
1635;129.582
1635;126.623
1636;128.885
1636;129.582
1637;136.742
1638;125.302
1642;120.558
1643;115.247
1644;115.247
1645;115.247
1646;127.636
1646;124.011
1647;127.636
1648;128.983
1649;115.731
1651;127.636
1652;131.004
1652;131.004
1653;134.268
1653;128.885
1653;133.079
1654;136.742
1656;146.297
1656;146.297
1657;128.015
1657;148.374
1658;147.439
1658;147.439
1659;153.31
1659;159.482
1659;153.31
1659;159.482
1660;153.31
1660;153.31
1660;153.31
1660;153.31
1661;129.582
1661;126.623
1663;129.582
1663;129.582
1663;129.582
1663;129.582
1665;132.214
1666;134.712
1666;132.214
1667;132.214
1669;139.048
1669;139.048
1669;139.048
1669;139.048
1669;139.048
1670;131.805
1670;131.805
1670;131.805
1673;143.24
1673;143.24
1673;144.017
1673;147.614
1673;143.24
1674;131.805
1674;141.406
1674;131.805
1675;131.805
1675;143.24
1675;131.805
1675;131.805
1676;130.605
1677;130.605
1678;130.605
1679;130.605
1680;121.023
1680;130.605
1680;116.149
1680;131.23
1681;122.102
1681;122.102
1682;131.846
1682;123.878
1682;127.161
1682;125.766
1682;131.846
1682;127.161
1682;127.161
1683;133.477
1683;133.477
1683;133.477
1684;131.23
1685;131.694
1686;121.248
1686;131.694
1687;131.694
1687;131.694
1687;131.694
1688;131.694
1688;131.694
1689;121.996
1690;115.718
1690;117.322
1690;116.149
1691;116.149
1692;118.489
1694;117.322
1694;117.322
1694;117.322
1694;117.322
1695;999.999
1695;999.999
1695;999.999
1695;999.999
1696;999.999
1697;131.694
1697;131.694
1699;137.512
1699;137.512
1699;137.512
1700;99.425
1700;92.757
1700;97.097
1712;101.785
1712;88.531
1712;97.097
1713;101.785
1713;92.452
1713;88.531
1713;97.097
1714;89.176
1714;92.452
1715;101.785
1715;92.452
1715;100.466
1716;111.887
1716;111.887
1716;146.297
1716;136.742
1716;111.887
1717;101.785
1717;100.466
1718;103.255
1718;100.466
1719;106.836
1719;111.887
1719;111.887
1720;102.348
1720;102.689
1720;102.348
1721;107.051
1721;104.689
1721;107.051
1721;107.051
1721;107.051
1722;99.425
1723;104.432
1723;106.312
1723;102.902
1724;109.455
1724;109.455
1724;115.155
1724;110.863
1724;109.455
1724;109.455
1724;112.989
1724;115.155
1724;109.455
1724;109.455
1724;110.02
1725;110.859
1725;104.432
1725;106.926
1726;999.999
1726;999.999
1726;999.999
1726;999.999
1727;999.999
1727;999.999
1728;999.999
1730;106.926
1731;112.767
1732;110.859
1733;118.563
1733;115.155
1734;110.02
1734;105.459
1735;107.201
1735;103.255
1736;110.02
1737;111.862
1738;103.474
1738;99.262
1738;111.887
1740;105.35
1741;108.103
1742;110.278
1744;111.438
1745;110.278
1745;109.633
1746;109.612
1747;111.559
1748;115.543
1749;115.543
1752;100.297
1753;102.348
1753;103.785
1754;105.394
1754;109.612
1754;105.394
1756;109.633
1756;109.633
1757;107.549
1757;109.612
1762;99.699
1763;97.471
1772;999.999
1772;106.069
1772;108.277
1772;108.277
1773;999.999
1773;999.999
1773;999.999
1774;113.654
1774;113.654
1775;113.654
1775;113.654
1776;113.654
1776;999.999
1782;102.689
1782;102.689
1782;99.157
1782;99.157
1782;99.157
1782;99.157
1783;101.296
1783;101.296
1784;101.296
1784;101.296
1785;97.833
1786;999.999
1787;999.999
1787;999.999
1787;109.199
1788;999.999
1789;999.999
1791;101.296
1792;97.435
1792;97.435
1793;94.538
1794;94.538
1795;101.296
1795;94.538
1796;96.648
1797;96.195
1800;150.547
1801;151.735
1802;151.87
1803;151.735
1803;147.521
1804;149.11
1804;147.521
1805;151.735
1805;149.11
1805;147.521
1806;149.271
1807;149.821
1807;153.445
1808;148.122
1808;149.11
1809;149.11
1814;150.857
1815;153.445
1816;149.821
1816;153.445
1817;153.445
1820;153.445
1820;153.445
1820;160.333
1822;153.445
1823;153.445
1824;153.445
1832;153.445
1832;153.445
1833;153.445
1844;162.484
1845;162.981
1846;164.742
1847;162.036
1852;162.78
1852;168.823
1853;168.823
1854;186.076
1856;175.517
1856;189.546
1860;169.712
1862;189.546
1862;189.546
1863;169.712
1863;189.546
1864;190.015
1865;190.015
1866;180.011
1866;189.546
1866;190.015
1867;180.011
1867;180.011
1867;180.011
1868;174.558
1869;178.644
1870;180.033
1871;180.033
1871;180.033
1871;178.644
1872;174.558
1872;180.401
1873;187.28
1873;187.28
1873;187.28
1874;189.189
1875;180.401
1880;179.005
1880;180.011
1880;179.005
1880;187.219
1880;179.005
1880;179.005
1880;179.005
1880;187.219
1882;179.005
1882;187.219
1884;180.011
1884;180.011
1884;180.011
1885;180.011
1890;183.919
1890;183.919
1891;178.644
1891;184.627
1892;180.684
1892;180.684
1892;180.684
1893;174.558
1895;171.997
1896;168.732
1896;168.732
1897;169.123
1897;169.123
1898;173.923
1899;171.997
1902;186.081
1902;183.919
1903;186.954
1904;196.027
1904;190.674
1905;189.313
1906;200.103
1906;196.027
1907;203.509
1908;212.086
1908;212.928
1911;210.453
1911;212.086
1912;210.453
1912;210.453
1912;210.453
1912;210.453
1913;205.549
1914;218.112
1914;212.928
1918;212.928
1920;196.027
1920;190.674
1921;203.787
1922;202.984
1922;202.984
1923;202.984
1923;202.984
1925;219.23
1925;219.23
1926;199.25
1927;211.432
1927;203.486
1927;196.027
1928;203.787
1929;215.716
1932;203.486
1932;203.486
1933;209.756
1933;211.432
1933;211.432
1933;209.756
1933;209.756
1934;220.318
1934;220.318
1936;220.318
1937;218.251
1938;218.251
1941;211.432
1941;211.432
1942;211.432
1943;218.251
1944;218.251
1945;222.917
1945;222.917
1945;222.917
1945;222.917
1945;222.917
1945;222.917
1945;222.917
1945;222.917
1945;222.917
1945;222.917
1945;222.917
1945;222.917
1946;235.328
1947;220.318
1947;220.318
1948;220.318
1948;220.318
1948;220.318
1950;226.977
1950;226.076
1950;221.14
1955;212.086
1955;212.086
1955;212.086
1955;212.086
1955;212.086
1957;211.824
1958;226.207
1958;234.595
1958;231.216
1958;221.14
1961;232.96
1962;226.076
1962;221.14
1963;216.075
1964;217.35
1965;226.076
1965;221.14
1966;231.216
1966;231.216
1966;231.216
1966;231.216
1966;231.216
1966;231.216
1966;231.216
1966;231.216
1966;231.216
1966;231.216
1967;221.14
1968;232.96
1969;239.289
1969;239.289
1969;239.289
1969;239.289
1969;239.289
1971;226.977
1971;221.14
1971;226.977
1971;221.14
1972;231.216
1972;232.865
1973;232.96
1974;232.865
1975;217.35
1976;217.35
1976;217.35
1976;217.35
1977;236.908
1978;236.908
1978;239.046
1981;232.11
1982;234.861
1982;239.289
1983;252.138
1983;252.138
1984;252.138
1984;252.138
1985;252.138
1985;252.138
1985;252.138
1986;252.138
1987;234.861
1988;232.11
1988;232.11
1991;221.14
1991;231.477
1991;221.14
1991;221.14
1991;221.14
1991;221.14
1992;221.14
1992;232.11
1992;221.14
1992;221.14
1992;221.14
1993;225.654
1993;221.14
1993;231.477
1993;225.654
1994;225.654
1994;221.14
1996;225.654
1996;225.654
1996;225.654
1996;225.654
1996;225.654
1996;225.654
1996;225.654
1996;225.654
1997;225.654
1997;218.112
1997;225.654
1997;225.654
2000;104.2
2000;97.121
2000;101.346
2012;104.2
2013;106.235
2013;104.2
2014;106.235
2014;104.2
2015;106.235
2016;107.164
2017;106.235
2019;105.602
2019;104.633
2019;106.235
2019;105.602
2022;107.164
2022;999.999
2023;999.999
2024;999.999
2025;999.999
2027;999.999
2027;999.999
2028;119.746
2028;999.999
2034;99.408
2035;101.897
2035;105.602
2036;101.897
2036;104.2
2037;101.897
2037;104.633
2037;105.602
2042;101.346
2042;104.633
2043;104.633
2046;104.633
2052;104.633
2052;104.633
2053;104.633
2054;104.633
2054;104.633
2056;104.633
2057;104.633
2058;104.633
2063;104.633
2063;104.633
2063;104.633
2063;104.633
2065;104.633
2067;86.324
2067;97.121
2067;104.633
2068;92.117
2072;86.702
2072;84.968
2072;91.265
2073;86.324
2073;82.545
2074;90.139
2075;86.702
2075;90.139
2075;90.139
2087;86.702
2087;84.968
2088;84.968
2103;105.602
2103;999.999
2103;124.322
2105;119.029
2105;124.322
2108;120.717
2108;124.322
2112;124.322
2113;124.322
2114;124.322
2115;168.221
2115;124.322
2116;124.322
2117;168.221
2123;124.322
2124;134.442
2124;124.322
2126;135.931
2126;124.322
2127;124.322
2149;106.235
2149;105.602
2149;105.602
2149;105.602
2206;104.633
2207;104.633
2208;104.633
2300;105.961
2300;105.961
2314;105.961
2314;122.305
2314;104.633
2316;119.029
2316;124.322
2316;119.029
2318;105.602
2318;119.131
2318;124.322
2322;105.961
2322;123.279
2325;107.828
2333;103.295
2333;89.443
2333;98.635
2333;103.295
2336;98.635
2336;96.1
2338;92.436
2338;92.436
2340;96.1
2345;83.677
2345;89.199
2345;88.331
2345;92.436
2345;96.1
2345;85.414
2345;89.443
2345;92.436
2345;88.331
2350;92.167
2353;95.337
2353;92.167
2354;92.167
2360;90.765
2362;89.924
2362;89.924
2363;90.765
2363;95.337
2364;81.991
2400;122.353
2400;123.279
2400;127.175
2400;124.23
2400;123.279
2405;127.175
2405;124.23
2406;134.442
2406;127.175
2406;134.442
2406;134.442
2406;124.23
2406;134.442
2406;135.931
2406;124.322
2414;127.175
2416;122.353
2416;123.279
2500;61.854
2502;61.854
2503;61.854
2503;64.959
2504;61.854
2504;64.959
2504;62.247
2505;61.854
2505;72.54
2512;72.54
2513;76.585
2513;72.54
2514;79.369
2514;76.585
2515;74.738
2516;74.738
2516;72.54
2517;74.738
2518;78.204
2518;104.633
2520;79.369
2520;82.545
2523;79.369
2523;78.204
2523;74.738
2523;82.545
2523;81.506
2523;104.633
2525;90.144
2525;82.545
2532;61.854
2532;68.061
2533;68.061
2534;65.23
2534;73.173
2534;65.23
2534;78.204
2535;65.23
2535;66.861
2535;65.885
2536;56.932
2536;66.861
2537;66.861
2538;56.932
2540;50.708
2542;54.315
2543;52.926
2544;52.195
2545;46.339
2552;64.959
2552;62.247
2553;55.895
2554;53.58
2555;64.959
2556;60.721
2556;61.635
2557;70.38
2557;67.517
2558;65.233
2558;61.635
2560;65.048
2560;64.984
2562;65.731
2562;64.984
2563;65.731
2563;66.173
2564;65.731
2565;66.776
2572;68.197
2572;69.923
2575;73.48
2575;71.821
2575;71.821
2575;77.239
2575;73.48
2575;71.821
2576;77.239
2576;81.84
2577;84.534
2577;85.673
2603;56.932
2603;65.885
2604;65.885
2605;70.679
2606;73.173
2606;70.679
2607;76.132
2608;79.022
2608;73.173
2608;76.132
2608;79.022
2610;85.414
2610;85.414
2610;89.443
2610;85.414
2610;83.677
2610;80.528
2610;79.022
2610;83.677
2612;80.528
2613;80.528
2613;83.677
2615;89.443
2615;89.443
2616;93.531
2616;105.961
2616;104.633
2616;93.531
2710;78.697
2710;73.701
2712;81.554
2712;80.981
2713;81.554
2714;85.917
2714;85.917
2715;80.981
2715;80.981
2716;80.981
2717;80.981
2717;87.182
2718;88.798
2718;89.924
2718;79.21
2718;88.798
2720;85.834
2720;81.01
2720;81.554
2720;73.173
2720;70.679
2720;81.01
2720;73.701
2722;81.01
2723;76.132
2723;79.022
2723;85.834
2723;81.01
2732;65.885
2732;78.697
2732;81.554
2732;80.269
2732;77.365
2733;79.701
2735;79.701
2735;58.304
2735;56.685
2735;65.885
2735;79.701
2736;58.8
2738;56.685
2740;51.966
2740;55.184
2740;53.54
2742;55.184
2743;49.459
2744;48.873
2745;46.726
2746;45.701
2747;46.799
2747;45.701
2747;53.743
2747;31.201
2748;55.184
2748;80.981
2748;80.981
2748;70.775
2762;53.54
2800;57.66
2800;62.156
2800;65.746
2802;65.746
2803;75.258
2803;71.584
2805;61.987
2805;64.354
2806;62.156
2806;68.047
2806;71.584
2807;71.584
2807;71.584
2807;85.69
2812;70.723
2813;76.091
2813;70.723
2813;71.584
2814;73.062
2814;80.717
2814;71.584
2822;61.987
2823;61.987
2824;45.666
2825;44.129
2826;45.666
2827;40.453
2827;36.159
2827;35.956
2828;45.666
2829;45.666
2830;57.66
2830;61.987
2830;57.66
2832;57.66
2832;45.666
2842;65.241
2843;59.825
2852;64.017
2852;62.156
2853;64.017
2853;70.775
2854;70.775
2855;70.775
2856;73.381
2857;73.381
2863;70.775
2864;70.775
2873;79.21
2873;81.991
2882;81.991
2882;80.324
2883;73.381
2883;81.991
2883;80.324
2883;85.69
2884;80.324
2885;80.324
2886;81.991
2886;80.324
2887;91.659
2888;80.324
2889;80.324
2900;87.818
2902;88.899
2903;88.899
2904;88.899
2905;91.108
2906;98.287
2907;98.287
2908;98.698
2912;98.287
2912;98.287
2914;98.287
2915;98.429
2915;99.172
2916;98.032
2922;90.993
2923;99.172
2924;99.172
2925;99.172
2926;103.475
2932;90.08
2933;93.248
2933;94.2
2935;93.619
2942;84.769
2943;88.835
2944;91.735
2946;85.69
2947;85.69
2950;82.709
2950;82.709
2952;82.187
2952;82.709
2953;85.69
2953;85.69
2954;85.69
3004;68.453
3005;68.453
3006;68.453
3007;68.453
3007;73.976
3008;68.453
3010;68.453
3011;68.453
3012;68.453
3013;68.453
3014;68.453
3015;68.453
3018;68.453
3019;68.453
3020;68.453
3020;75.85
3027;68.453
3032;68.453
3032;73.955
3033;73.955
3033;75.85
3034;73.955
3035;79.059
3035;73.955
3036;85.405
3036;73.955
3037;68.453
3037;67.749
3037;73.955
3038;67.749
3042;73.38
3042;67.749
3042;73.955
3043;73.955
3044;73.955
3045;73.38
3045;73.955
3046;73.38
3047;69.558
3048;68.453
3048;65.526
3049;73.955
3052;62.992
3052;63.31
3053;69.27
3053;59.27
3053;63.31
3053;66.134
3053;68.786
3053;65.222
3053;67.29
3054;69.27
3063;68.453
3063;65.526
3063;66.213
3065;66.915
3065;66.213
3066;66.915
3066;69.215
3066;66.094
3066;66.213
3067;69.215
3067;66.094
3068;66.094
3068;68.661
3068;74.76
3072;68.453
3072;66.213
3073;68.453
3073;71.229
3073;66.213
3074;71.229
3075;74.76
3075;74.76
3076;71.229
3076;69.215
3076;66.094
3076;74.76
3077;74.76
3078;74.76
3082;82.288
3082;74.76
3083;79.007
3084;68.453
3084;73.976
3086;82.634
3086;79.309
3086;83.925
3086;80.493
3086;80.493
3087;83.925
3087;93.675
3087;80.493
3088;93.675
3088;93.675
3089;93.675
3095;73.976
3096;82.634
3096;80.493
3097;68.453
3097;73.976
3098;73.976
3098;73.976
3099;99.262
3099;90.253
3099;93.675
3110;79.007
3111;79.007
3112;75.734
3112;71.991
3113;75.734
3113;74.76
3114;87.252
3114;87.242
3115;79.309
3115;90.339
3115;89.6
3116;89.6
3116;89.6
3116;89.6
3122;73.976
3122;79.309
3122;74.534
3123;79.309
3123;74.534
3124;79.309
3125;79.309
3125;89.6
3125;82.564
3126;84.545
3126;82.564
3126;89.6
3127;87.806
3127;95.908
3128;86.314
3128;87.806
3128;86.156
3132;90.253
3132;93.675
3132;86.156
3144;73.976
3145;73.976
3145;82.634
3147;73.976
3147;82.634
3148;91.784
3150;103.474
3150;91.784
3152;99.262
3152;91.784
3153;99.262
3154;99.262
3154;91.784
3154;93.675
3155;90.253
3155;93.675
3156;103.474
3156;99.262
3157;103.474
3157;99.262
3157;91.784
3158;103.474
3159;103.474
3172;73.976
3173;73.976
3174;73.976
3174;81.92
3175;82.587
3176;81.92
3176;82.587
3177;85.602
3177;86.583
3177;81.92
3178;88.575
3179;88.741
3179;97.435
3182;92.452
3182;88.531
3182;85.147
3183;91.784
3184;88.575
3184;82.587
3185;88.575
3185;92.452
3185;88.531
3185;82.587
3186;92.757
3202;75.85
3202;82.123
3203;82.123
3204;82.123
3204;81.92
3205;85.602
3205;82.123
3205;97.435
3206;85.602
3206;85.602
3206;97.435
3206;85.602
3206;85.602
3207;85.602
3207;91.687
3207;89.095
3207;82.545
3207;89.095
3208;90.14
3210;90.14
3210;89.095
3210;89.408
3212;97.435
3212;101.296
3212;97.435
3213;97.435
3213;96.285
3214;95.958
3215;93.448
3215;94.538
3215;94.538
3216;89.408
3216;89.408
3225;92.638
3226;82.545
3226;93.741
3232;82.223
3232;96.104
3233;82.223
3233;84.259
3234;81.84
3235;82.223
3235;90.144
3235;72.54
3236;92.643
3236;96.104
3237;78.807
3238;90.144
3250;77.551
3250;79.539
3250;70.38
3251;67.29
3251;62.002
3251;67.29
3252;79.539
3252;68.402
3253;57.288
3254;67.29
3254;54.182
3254;54.182
3255;67.29
3256;67.29
3256;67.29
3256;67.29
3257;73.265
3257;73.265
3262;73.265
3263;61.126
3264;60.787
3266;79.059
3267;77.551
3267;79.059
3268;79.059
3270;77.551
3270;79.059
3271;85.405
3272;76.709
3272;71.466
3273;77.551
3273;79.539
3274;68.187
3274;69.85
3274;67.494
3280;96.648
3280;96.243
3280;94.538
3280;96.243
3280;97.562
3282;79.246
3283;79.246
3283;82.545
3283;82.545
3284;89.112
3285;91.158
3285;94.538
3286;93.294
3292;70.38
3293;59.292
3294;55.061
3294;59.292
3294;58.553
3295;51.009
3296;49.321
3297;45.543
3298;54.421
3302;59.27
3303;55.309
3303;55.309
3303;58.129
3303;55.309
3305;56.873
3305;55.309
3306;51.96
3307;54.182
3308;51.96
3309;50.652
3309;51.96
3312;51.96
3313;51.96
3314;45.657
3314;51.96
3315;45.657
3315;45.657
3317;51.96
3317;51.96
3322;56.2
3322;59.27
3322;60.229
3322;56.2
3323;56.312
3324;53.572
3324;54.371
3325;53.572
3325;57.618
3325;54.371
3326;66.915
3326;57.618
3360;36.612
3362;37.847
3363;36.612
3365;46.336
3365;46.336
3366;39.003
3366;39.003
3367;36.195
3367;35.793
3368;27.606
3368;25.416
3372;33.143
3373;33.143
3373;33.143
3374;32.419
3375;35.141
3376;30.317
3376;28.963
3377;31.511
3380;29.338
3380;28.926
3380;26.767
3400;53.087
3400;50.657
3412;58.649
3413;53.087
3413;58.649
3413;45.593
3414;53.087
3414;56.386
3414;64.999
3415;61.03
3415;61.03
3415;58.649
3415;64.999
3415;61.489
3416;58.649
3416;45.593
3416;61.489
3416;51.31
3417;61.489
3418;58.649
3418;45.593
3418;64.999
3418;61.489
3419;61.03
3419;64.999
3421;49.412
3421;54.371
3421;56.386
3421;51.877
3422;52.527
3422;50.657
3422;49.27
3422;49.27
3423;52.527
3424;52.527
3424;52.527
3425;52.527
3425;43.321
3425;42.981
3426;52.085
3427;44.077
3427;41.383
3428;41.383
3429;42.62
3429;43.898
3432;61.03
3432;67.411
3432;64.999
3433;61.03
3433;67.411
3433;64.999
3434;68.887
3434;64.999
3434;68.887
3434;71.102
3435;64.999
3436;71.102
3436;67.411
3437;67.411
3438;71.102
3438;67.411
3439;67.411
3439;64.999
3452;64.999
3453;67.411
3453;64.999
3453;59.016
3454;64.999
3454;61.489
3454;51.31
3455;51.31
3456;64.999
3456;59.016
3457;51.31
3457;46.469
3462;45.593
3462;51.31
3463;45.593
3463;46.978
3463;39.596
3464;49.084
3464;45.593
3464;46.978
3464;39.596
3465;46.978
3472;53.087
3472;58.649
3472;49.084
3472;52.527
3472;51.96
3473;46.444
3474;49.084
3474;46.336
3475;46.336
3475;46.336
3476;35.793
3476;46.336
3476;36.195
3503;84.263
3504;84.946
3504;87.11
3506;82.288
3506;86.023
3506;86.459
3506;84.767
3507;78.582
3507;81.485
3508;78.582
3508;68.887
3508;86.459
3510;84.263
3510;84.456
3510;82.649
3510;87.242
3512;68.661
3513;66.094
3513;61.03
3513;68.661
3531;86.726
3531;86.459
3531;84.767
3532;84.767
3532;87.11
3532;86.023
3532;87.11
3533;86.726
3533;84.767
3533;87.11
3533;103.656
3534;86.726
3534;75.321
3535;74.77
3535;75.321
3536;83.294
3537;83.294
3537;103.656
3537;87.276
3537;80.195
3538;86.726
3538;96.906
3538;103.656
3543;74.77
3543;71.102
3543;75.321
3550;83.294
3550;74.77
3550;71.102
3551;74.77
3551;71.102
3551;59.016
3552;74.77
3552;87.276
3553;74.77
3555;74.77
3555;87.276
3555;80.195
3555;67.893
3556;87.276
3556;80.195
3557;87.276
3600;95.066
3600;94.247
3603;94.247
3604;94.247
3608;94.247
3612;97.95
3612;95.653
3612;91.971
3612;94.247
3613;89.082
3613;91.971
3614;100.272
3614;98.724
3615;96.906
3615;103.656
3615;100.272
3616;107.125
3616;102.933
3616;98.724
3617;97.95
3617;91.971
3618;83.294
3618;103.656
3618;100.272
3618;102.933
3618;104.089
3619;107.125
3619;104.025
3619;103.62
3619;107.125
3619;104.025
3622;98.332
3623;103.62
3623;102.34
3623;104.025
3623;104.025
3624;94.247
3624;98.332
3624;95.653
3625;98.241
3625;95.066
3626;95.066
3626;94.247
3627;89.082
3627;91.971
3628;91.171
3629;87.252
3629;89.6
3629;87.075
3629;87.476
3631;100.87
3631;100.29
3632;100.87
3632;100.87
3633;96.856
3633;95.964
3634;95.964
3635;95.964
3635;100.29
3636;95.964
3636;96.716
3636;96.716
3638;101.636
3638;102.473
3645;103.444
3645;94.247
3645;100.749
3646;103.444
3647;106.666
3652;95.066
3652;96.992
3653;96.992
3654;96.992
3654;103.62
3655;103.62
3656;103.62
3656;103.62
3656;103.62
3657;103.62
3658;103.62
3661;91.409
3662;94.78
3663;96.248
3663;96.716
3664;99.791
3664;96.248
3664;90.253
3664;98.735
3665;99.791
3665;98.735
3665;96.716
3671;89.097
3671;88.367
3671;89.082
3671;88.367
3672;96.906
3672;90.714
3672;90.714
3673;86.726
3673;96.906
3673;87.11
3674;90.714
3674;100.272
3700;103.444
3702;108.098
3702;103.444
3703;108.098
3703;108.098
3704;108.098
3704;114.037
3704;103.444
3705;103.444
3706;114.514
3706;111.442
3707;114.514
3711;108.098
3711;103.99
3711;108.098
3711;112.887
3713;117.993
3713;112.887
3714;117.993
3714;112.887
3715;131.609
3715;117.993
3716;117.993
3716;121
3717;121
3718;127.228
3722;112.887
3723;112.887
3724;117.993
3725;131.609
3725;117.993
3752;103.99
3753;115.41
3754;115.41
3754;109.71
3755;115.41
3756;115.41
3757;115.41
3758;109.71
3762;109.71
3763;115.193
3764;115.193
3764;120.271
3765;120.271
3766;120.271
3766;128.015
3770;128.015
3770;135.339
3771;135.339
3772;141.06
3773;148.171
3773;141.06
3775;148.171
3776;135.339
3777;135.339
3777;148.374
3778;148.374
3780;148.374
3781;148.374
3782;157.992
3783;148.374
3784;159.362
3785;159.362
3792;148.374
3800;122.167
3800;120.849
3800;120.767
3800;120.373
3800;121.326
3800;131.479
3801;185.029
3803;131.479
3804;127.295
3805;124.867
3806;123.312
3807;113.836
3812;121.326
3813;122.167
3813;127.467
3814;122.167
3815;126.765
3815;121.326
3815;126.765
3816;139.51
3816;130.805
3816;139.51
3818;139.51
3822;133.119
3822;133.119
3823;133.119
3823;139.51
3823;133.119
3823;133.119
3824;133.119
3825;133.119
3826;133.119
3852;124.867
3853;128.311
3854;112.844
3855;105.209
3855;112.844
3855;105.209
3855;104.959
3856;105.209
3856;106.886
3856;103.235
3857;103.235
3858;102.052
3860;103.235
3860;105.74
3860;103.235
3860;105.74
3860;103.235
3862;114.677
3863;114.677
3864;123.688
3900;251.026
3900;195.036
3900;274.936
3900;276.517
3900;251.026
3900;251.026
3901;274.936
3902;251.026
3903;195.036
3903;195.036
3904;195.036
3905;288.878
3906;288.721
3907;301.067
3907;301.067
3907;301.067
3907;310.961
3908;283.441
3910;283.441
3910;288.721
3910;285.299
3911;274.936
3912;276.517
3913;276.517
3914;195.036
3914;195.036
3916;146.557
3917;148.815
3917;146.557
3918;150.194
3919;153.65
3920;292.893
3922;270.24
3922;269.739
3922;278.133
3922;276.412
3923;278.378
3924;281.341
3925;286.213
3926;278.133
3927;281.341
3928;288.925
3929;292.24
3930;256.843
3930;262.954
3930;269.739
3930;262.954
3931;264.608
3932;269.739
3933;273.421
3934;271.693
3935;265.52
3937;262.001
3938;263.604
3939;265.098
3940;255.524
3940;183.697
3942;256.843
3942;255.524
3942;256.843
3943;257.887
3944;260.724
3945;217.866
3945;251.438
3945;248.221
3945;217.866
3946;251.438
3946;254.519
3946;259.014
3946;251.438
3947;254.519
3948;251.438
3948;259.014
3949;183.697
3951;246.262
3952;248.221
3953;248.221
3953;245.921
3953;253.491
3953;245.921
3954;258.901
3955;254.773
3956;248.221
3956;252.033
3957;248.221
3957;217.866
3960;234.595
3960;999.999
3960;999.999
3960;252.925
3960;234.595
3961;252.925
3961;252.925
3961;252.925
3961;252.925
3961;252.925
3961;252.925
3961;252.925
3961;252.925
3963;236.908
3963;239.046
3963;999.999
3963;999.999
3963;999.999
3965;235.168
3965;234.595
3966;238.578
3966;234.595
3966;238.578
3966;234.595
3967;238.578
3968;239.989
3970;248.221
3970;240.466
3971;999.999
3971;999.999
3971;239.046
3971;234.595
3971;999.999
3972;240.166
3972;999.999
3973;240.645
3973;999.999
3974;999.999
3975;999.999
3976;234.595
3976;999.999
3976;999.999
3977;234.595
3978;239.046
3979;228.566
3982;276.517
3982;189.048
3982;196.093
3983;184.649
3983;193.223
3983;184.707
3983;184.649
3983;196.093
3983;196.093
3984;178.124
3984;185.029
3985;999.999
3985;999.999
3986;196.093
3987;196.093
3988;157.946
3988;157.946
3989;999.999
3989;999.999
3989;999.999
3989;999.999
3989;999.999
3991;193.223
3992;193.223
3993;181.79
3994;177.156
3994;193.223
3995;181.085
3995;181.085
3995;181.085
3995;181.085
3996;187.947
3997;179.239
3998;999.999
3998;999.999
3999;157.946
4001;50.573
4031;50.573
4051;50.573
4052;50.573
4052;50.074
4053;50.573
4053;52.328
4054;50.573
4055;50.573
4056;50.573
4057;50.573
4058;50.573
4058;52.438
4059;50.573
4101;52.328
4101;52.832
4102;52.328
4102;52.832
4103;52.832
4104;54.458
4105;57.258
4106;55.934
4107;58.878
4108;60.792
4112;61.437
4112;60.792
4112;62.473
4114;62.473
4115;62.473
4115;65.825
4116;65.825
4117;68.759
4118;64.608
4123;53.593
4124;60.618
4125;52.438
4126;54.084
4127;47.945
4127;46.347
4132;46.347
4133;46.347
4133;40.674
4133;35.442
4133;41.723
4142;50.074
4142;46.347
4143;54.41
4144;51.736
4144;52.757
4145;43.119
4146;45.854
4147;54.932
4147;56.641
4148;56.641
4153;54.932
4153;50.074
4153;52.757
4153;55.934
4202;54.932
4202;57.137
4203;59.073
4204;39.041
4204;33.834
4206;34.77
4207;30.955
4208;33.834
4222;62.936
4223;65.416
4224;62.524
4225;65.6
4226;41.057
4227;41.921
4228;39.246
4229;21.249
4229;35.956
4229;29.521
4232;36.911
4233;39.246
4233;36.405
4234;35.179
4242;65.6
4242;64.547
4242;62.936
4243;67.034
4244;68.05
4245;73.062
4245;80.717
4246;64.547
4246;43.952
4247;42.515
4252;46.605
4252;64.547
4253;46.605
4253;74.391
4254;74.391
4302;40.674
4302;41.723
4303;40.674
4303;37.249
4303;41.593
4304;37.249
4305;35.003
4305;45.487
4305;37.29
4310;43.268
4312;45.487
4313;47.782
4313;43.268
4314;38.318
4315;38.318
4315;31.135
4316;28.334
4317;26.676
4322;47.838
4323;52.161
4323;38.318
4324;33.275
4325;30.139
4332;48.058
4333;44.413
4334;45.029
4334;49.932
4402;35.442
4402;41.723
4410;35.532
4410;34.079
4411;35.619
4412;39.25
4412;35.619
4413;40.831
4414;36.595
4415;30.462
4415;34.079
4416;35.532
4417;38.669
4418;21.249
4418;29.521
4418;26.994
4418;18.924
4419;40.022
4421;39.25
4422;35.003
4422;34.079
4423;33.514
4424;28.024
4424;25.364
4425;28.024
4425;26.45
4426;29.521
4431;24.009
4431;25.364
4432;29.972
4433;32.428
4434;24.009
4434;25.792
4435;25.364
4435;21.433
4436;25.364
4436;21.433
4436;23.622
4436;21.433
4437;21.433
4437;18.924
4438;16.887
4438;7.315
4438;15.043
4438;18.924
4441;18.77
4442;17.443
4442;15.027
4443;18.825
4443;15.027
4444;12.976
4444;21.278
4444;14.867
4444;15.027
4445;12.976
4445;15.181
4446;12.976
4446;10.97
4447;12.976
4447;13.586
4447;17.256
4448;15.181
4448;10.97
4448;17.256
4450;20.297
4450;29.23
4450;24.003
4450;18.77
4451;35.174
4451;29.673
4452;30.462
4452;29.23
4453;32.979
4455;21.47
4456;18.825
4456;17.256
4457;24.009
4457;17.256
4457;25.792
4458;10.97
4458;16.707
4460;21.278
4460;22.862
4461;20.297
4462;27
4462;23.673
4463;27
4464;35.174
4465;25.643
4465;22.862
4465;28.334
4466;25.643
4466;22.862
4467;20.949
4468;22.342
4469;19.365
4492;18.154
4493;14.619
4493;16.995
4494;17.017
4495;16.995
4495;14
4496;14.619
4497;16.387
4500;40.782
4500;42.496
4500;42.104
4500;41.072
4500;39.512
4512;42.496
4512;45.552
4513;42.104
4514;45.552
4515;43.458
4515;43.458
4522;43.458
4522;41.072
4523;35.564
4524;36.07
4524;37.778
4524;37.778
4525;37.778
4528;40.782
4528;36.675
4532;36.724
4532;41.072
4533;35.564
4534;33.729
4535;33.651
4535;35.248
4536;31.376
4536;29.338
4537;28.926
4538;26.853
4539;31.643
4539;28.926
4539;33.654
4542;33.555
4542;37.224
4543;33.555
4543;33.729
4552;37.726
4552;37.224
4553;36.629
4554;38.187
4554;40.093
4556;37.847
4556;38.513
4556;36.289
4556;38.513
4556;38.513
4557;40.021
4558;41.756
4558;41.756
4558;41.756
4562;40.782
4563;38.461
4563;37.89
4563;40.194
4564;40.194
4564;40.173
4565;39.513
4566;37.89
4566;38.762
4566;38.571
4571;45.503
4571;45.503
4573;45.657
4573;44.446
4574;41.499
4574;46.339
4574;41.499
4574;40.782
4576;49.475
4577;49.475
4578;49.475
4579;49.475
4581;49.475
4582;49.475
4583;49.475
4583;49.475
4584;56.487
4584;56.487
4585;56.03
4586;49.475
4587;49.475
4588;51.101
4588;49.475
4588;54.182
4600;2.97
4600;1.98
4600;2.982
4600;4.605
4612;1.98
4612;4.268
4613;5.171
4614;8.966
4614;7.315
4615;7.315
4616;8.966
4616;7.189
4617;8.966
4618;9.286
4618;7.189
4622;10.922
4623;12.273
4624;10.612
4625;13.165
4626;14.072
4628;16.23
4629;13.507
4632;8.676
4632;2.97
4632;4.268
4633;8.676
4634;8.056
4634;2.97
4634;10.479
4634;10.97
4652;4.732
4653;5.809
4654;8.056
4654;4.732
4655;10.378
4655;12.978
4655;10.378
4656;2.982
4656;7.56
4657;4.121
4657;2.982
4658;7.561
4658;8.797
4663;1.98
4663;4.605
4665;4.605
4665;7.56
4702;17.697
4703;17.024
4704;23.484
4704;26.363
4710;17.697
4710;23.374
4710;26.89
4712;26.89
4713;29.054
4714;31.201
4715;32.351
4715;36.07
4716;37.22
4716;45.701
4716;42.227
4717;31.201
4717;23.374
4717;26.89
4717;29.054
4717;21.249
4718;13.165
4718;16.887
4719;31.201
4719;21.249
4719;29.521
4800;7.56
4800;10.941
4802;7.669
4802;11.29
4803;18.881
4803;11.471
4805;18.881
4806;19.319
4812;17.285
4812;10.941
4813;16.976
4813;13.506
4813;17.285
4814;16.976
4814;10.941
4852;7.669
4852;11.471
4853;16.01
4853;14.21
4853;14.21
4856;14.21
4900;21.518
4911;19.486
4912;22.534
4912;27.004
4913;27.004
4914;18.11
4914;14.21
4915;21.049
4915;14.21
4916;21.518
4917;28.361
4917;29.204
4919;32.302
4919;30.835
4922;22.534
4922;23.698
4922;23.698
4923;16.01
4924;21.518
4924;24.776
4932;25.416
4932;32.302
4933;27.619
4934;32.302
4935;32.302
4936;32.302
4936;34.187
4937;34.187
4938;35.673
4938;36.738
4938;38.028
4938;40.897
4942;34.187
4942;46.978
4942;39.596
4943;38.144
4943;34.187
4943;39.596
4943;46.336
4944;35.673
4950;40.897
4952;44.32
4952;40.897
4952;51.31
4952;44.683
4952;37.61
4953;40.897
4953;46.469
4954;51.31
4954;46.469
4955;32.814
4955;37.61
5000;14.848
5000;19.652
5004;14.848
5012;9.956
5012;12.021
5012;12.021
5013;9.046
5014;8.797
5015;12.766
5017;12.766
5017;13.919
5018;13.919
5022;16.51
5023;18.864
5024;16.51
5025;23.808
5026;23.808
5027;26.207
5028;27.583
5032;14.848
5033;18.127
5034;19.652
5035;15.045
5036;16.296
5037;18.547
5040;20.61
5042;19.218
5043;16.953
5044;24.924
5046;32.004
5046;30.124
5046;30.124
5053;23.069
5053;23.069
5054;23.996
5054;24.663
5056;24.749
5057;24.749
5058;22.029
5062;23.506
5063;29.267
5063;24.51
5064;26.849
5070;31.604
5072;34.454
5073;29.267
5074;45.029
5075;32.058
5076;35.578
5077;37.444
5078;47.222
5078;41.392
5079;30.306
5080;45.493
5080;47.286
5082;45.493
5083;45.493
5084;47.286
5085;47.286
5102;28.676
5103;32.405
5103;33.268
5103;28.676
5103;32.405
5105;26.628
5106;34.335
5107;33.375
5108;33.375
5112;25.442
5113;32.809
5116;35.58
5200;42.637
5200;49.744
5210;42.637
5210;43.234
5210;45.093
5212;43.234
5213;38.861
5222;42.637
5222;38.861
5223;42.802
5225;43.926
5233;51.71
5234;51.71
5235;49.744
5236;45.598
5236;43.926
5237;41.392
5237;43.926
5242;39.8
5242;40.832
5243;42.023
5244;40.671
5245;38.555
5246;40.832
5272;50.408
5273;58.024
5274;58.024
5275;58.024
5276;58.024
5277;58.024
5300;50.388
5300;51.189
5301;51.189
5303;53.339
5304;58.615
5305;58.615
5306;58.736
5312;57.651
5313;59.496
5314;58.378
5315;58.378
5316;60.456
5317;60.456
5318;56.967
5322;59.496
5322;66.175
5323;65.329
5324;69.057
5325;66.12
5326;63.113
5326;58.024
5330;62.697
5332;63.85
5333;60.812
5334;60.851
5400;45.96
5404;45.96
5405;45.96
5405;46.373
5406;45.96
5406;45.63
5408;49.8
5412;47.988
5412;47.988
5413;45.63
5415;50.606
5415;50.606
5415;50.606
5416;50.606
5416;51.189
5417;51.189
5420;52.913
5423;53.557
5425;56.719
5426;56.466
5430;49.058
5432;47.307
5436;51.547
5442;46.373
5443;46.387
5444;48.379
5445;50.646
5452;48.177
5453;48.946
5454;51.901
5462;58.996
5462;59.411
5463;61.612
5464;64.174
5465;63.715
5466;63.824
5467;63.28
5502;28.757
5503;29.532
5504;35.395
5505;37.54
5506;37.895
5506;40.137
5507;41.918
5512;40.137
5522;40.194
5522;41.89
5524;45.13
5524;45.13
5525;47.277
5600;32.758
5600;37.606
5603;31.991
5604;35.765
5604;35.395
5605;38.759
5605;40.338
5606;38.175
5607;40.194
5608;46.029
5610;40.338
5610;42.547
5611;40.338
5611;42.547
5612;40.338
5613;40.338
5614;45.221
5615;46.935
5615;43.433
5616;43.433
5617;43.433
5618;45.221
5618;49.828
5619;43.895
5619;45.155
5620;49.504
5621;51.126
5622;45.489
5623;48.207
5624;49.061
5624;49.061
5625;47.069
5626;49.504
5627;50.087
5628;54.325
5630;54.325
5630;48.207
5630;52.226
5632;49.828
5632;48.207
5632;51.95
5634;56.452
5636;56.452
5637;60.66
5637;57.655
5637;55.83
5642;70.017
5642;60.66
5642;73.963
5643;63.845
5643;63.845
5643;60.66
5643;63.845
5644;60.66
5645;63.845
5645;63.845
5646;55.689
5647;66.384
5702;33.268
5703;36.243
5703;34.307
5704;36.243
5705;37.103
5706;38.71
5706;37.103
5707;39.365
5708;41.397
5708;38.71
5712;43.13
5722;24.486
5722;27.99
5723;24.486
5723;28.946
5723;27.99
5724;31.916
5724;28.946
5725;33.812
5726;31.916
5726;27.99
5727;28.088
5728;32.004
5732;30.493
5733;32.438
5734;41.223
5735;40.291
5736;42.254
5737;43.874
5742;13.506
5745;11.234
5746;4.121
5746;9.273
6000;55.455
6003;55.455
6004;58.792
6004;55.455
6005;59.382
6005;57.565
6005;55.455
6005;59.382
6006;58.792
6006;55.455
6006;62.145
6010;57.565
6010;68.832
6010;61.677
6012;57.565
6013;57.565
6013;62.895
6013;61.677
6014;55.455
6014;56.42
6015;55.455
6016;55.455
6016;56.42
6016;46.1
6016;50.093
6017;50.093
6018;42.463
6018;34.051
6018;50.093
6019;56.42
6019;50.093
6020;51.247
6020;58.792
6020;55.455
6022;42.463
6022;35.144
6023;51.247
6023;48.269
6023;46.1
6024;43.461
6025;42.024
6026;51.069
6026;45.171
6026;48.003
6026;48.269
6027;48.003
6028;48.003
6028;42.024
6030;60.521
6030;58.524
6030;58.792
6032;51.247
6032;58.792
6033;58.524
6034;52.655
6034;51.069
6034;60.973
6034;64.621
6034;63.845
6035;58.524
6035;61.319
6036;58.738
6037;61.319
6038;60.973
6038;61.918
6038;61.319
6038;63.31
6039;61.319
6042;64.621
6043;60.521
6044;61.319
6044;63.968
6045;62.145
6047;59.382
6048;59.382
6048;57.565
6052;59.382
6052;61.677
6053;68.832
6055;68.832
6056;74.766
6060;74.766
6060;74.766
6062;74.766
6063;74.766
6064;76.868
6066;76.868
6067;76.868
6067;77.344
6068;76.868
6072;77.344
6073;77.344
6074;84.463
6074;77.344
6078;90.4
6078;90.4
6083;103.179
6084;103.179
6085;103.179
6086;103.179
6102;56.42
6103;62.895
6105;50.69
6105;47.959
6105;50.093
6106;47.959
6106;50.093
6110;47.795
6110;50.69
6110;47.959
6110;50.093
6110;42.293
6110;39.957
6110;53.352
6112;47.795
6113;53.352
6114;42.293
6122;42.293
6122;39.957
6122;33.203
6123;39.957
6125;40.387
6125;39.957
6125;33.203
6126;33.203
6130;40.387
6130;39.957
6130;33.203
6132;40.387
6132;33.203
6133;40.387
6133;33.203
6142;29.928
6143;29.928
6143;26.196
6144;28.56
6144;34.258
6144;33.203
6145;30.19
6146;28.361
6146;28.566
6147;28.361
6147;26.982
6147;28.566
6147;21.049
6152;30.19
6152;34.258
6153;44.683
6153;37.61
6153;34.258
6154;44.683
6154;33.203
6156;40.387
6156;44.683
6156;33.203
6156;44.683
6162;50.69
6162;53.116
6162;50.69
6162;50.69
6162;53.116
6163;50.69
6166;50.69
6166;53.116
6166;53.352
6167;53.352
6170;72.369
6170;53.116
6170;53.352
6170;57.312
6170;67.893
6173;72.369
6173;67.893
6174;72.369
6182;67.893
6192;72.369
6192;67.893
6196;67.893
6197;83.294
6197;80.227
6197;107.125
6197;72.369
6197;67.893
6203;46.1
6204;46.1
6204;41.125
6205;38.104
6206;51.247
6206;48.269
6206;46.1
6206;50.093
6207;46.1
6207;39.114
6207;34.051
6207;50.093
6208;34.051
6210;37.584
6210;34.051
6210;34.628
6210;32.774
6211;22.119
6212;29.284
6212;37.584
6213;29.284
6213;28.647
6214;38.104
6214;34.628
6215;42.024
6215;42.024
6216;37.584
6216;34.051
6217;30.232
6218;30.232
6221;42.024
6221;40.291
6222;42.024
6222;34.628
6231;37.861
6232;34.03
6233;33.858
6234;28.647
6234;28.647
6235;28.647
6235;22.119
6236;28.647
6242;37.584
6242;27.133
6243;25.945
6244;21.971
6244;28.56
6244;25.945
6244;23.276
6245;28.56
6245;28.566
6246;21.971
6246;22.119
6247;28.56
6247;26.196
6248;28.214
6248;33.203
6252;22.119
6252;17.752
6253;22.119
6260;17.752
6260;22.119
6260;17.752
6260;19.319
6260;17.752
6260;19.319
6260;17.752
6262;17.752
6263;21.971
6263;17.752
6264;21.049
6264;18.881
6265;21.049
6265;23.386
6274;52.655
6274;51.069
6274;49.593
6275;52.655
6275;49.593
6275;53.147
6275;63.845
6276;53.147
6277;53.147
6277;60.66
6277;53.147
6280;49.593
6280;53.147
6280;48.003
6280;49.593
6280;48.003
6283;49.593
6283;53.147
6283;48.003
6284;54.038
6284;54.038
6285;54.038
6285;54.038
6286;49.742
6287;49.674
6287;51.625
6288;54.038
6288;51.625
6289;54.038
6289;54.038
6294;53.497
6295;54.038
6300;78.969
6300;78.542
6300;78.542
6312;78.969
6312;75.072
6313;90.854
6313;86.8
6313;90.854
6313;90.854
6314;92.038
6314;88.846
6314;78.542
6314;78.969
6314;90.854
6314;88.846
6314;78.542
6315;92.038
6315;88.846
6315;90.854
6315;92.038
6315;99.302
6315;92.038
6317;78.542
6318;83.543
6318;88.571
6318;78.542
6319;78.969
6330;72.449
6330;75.072
6330;78.542
6331;72.449
6331;70.017
6332;72.449
6332;70.017
6333;70.017
6340;78.969
6340;86.8
6340;86.823
6340;999.999
6340;86.8
6343;66.789
6343;66.789
6343;66.789
6343;66.789
6344;68.452
6345;78.969
6345;86.8
6353;78.772
6353;83.007
6354;87.901
6354;83.007
6354;102.397
6356;87.901
6356;83.007
6356;83.543
6362;71.917
6362;66.835
6363;72.632
6363;66.835
6363;66.835
6363;72.632
6363;66.835
6365;66.835
6370;72.214
6370;68.098
6370;72.214
6372;71.917
6372;68.098
6373;72.632
6373;68.098
6374;72.571
6374;72.632
6374;72.214
6375;76.06
6376;76.06
6376;80.83
6377;87.857
6377;80.83
6382;72.214
6383;74.87
6383;80.82
6383;72.214
6383;80.82
6383;74.87
6383;74.87
6386;80.82
6387;80.82
6388;89.555
6388;80.82
6390;95.28
6390;89.555
6390;80.82
6402;74.569
6403;74.569
6404;78.772
6405;74.569
6410;83.543
6410;83.543
6410;83.543
6410;83.543
6410;102.397
6414;83.543
6415;83.543
6416;83.543
6416;87.768
6417;99.302
6417;92.606
6417;92.038
6418;103.501
6418;99.302
6418;92.038
6422;99.302
6422;90.147
6423;95.044
6423;92.606
6424;85.893
6430;115.678
6430;92.606
6432;115.678
6432;92.606
6433;97.574
6433;106.391
6434;104.463
6436;106.391
6436;98.249
6436;108.17
6436;106.391
6436;106.391
6438;92.606
6440;95.044
6440;97.574
6441;87.857
6442;102.397
6443;97.574
6452;99.793
6452;97.574
6452;99.793
6452;105.773
6454;94.274
6460;95.095
6460;98.249
6460;94.274
6461;100.617
6462;92.625
6463;98.249
6464;98.249
6464;106.606
6465;108.17
6466;97.525
6467;102.804
6468;95.28
6469;98.249
6469;102.804
6472;100.346
6472;110.473
6473;119.724
6473;110.473
6474;119.724
6474;110.473
6475;110.473
6476;119.724
6476;110.473
6482;119.724
6484;117.846
6485;117.846
6487;121.347
6490;126.911
6491;134.353
6493;128.398
6500;195.269
6503;195.269
6512;195.269
6513;195.269
6514;195.269
6515;195.269
6515;200.657
6516;216.03
6516;206.543
6517;191.685
6518;195.269
6523;195.269
6524;195.269
6525;195.269
6526;999.999
6527;999.999
6528;195.269
6528;200.657
6532;191.685
6532;195.269
6532;194.904
6533;194.904
6534;197.7
6535;200.539
6537;205.906
6537;200.727
6538;200.727
6540;205.906
6541;208.203
6542;205.692
6543;213.915
6544;213.915
6545;213.915
6546;213.915
6548;217.689
6548;217.689
6548;217.689
6549;200.539
6556;200.727
6557;204.438
6557;200.727
6558;210.378
6562;219.605
6563;230.676
6565;230.676
6571;212.861
6572;216.03
6572;212.861
6573;212.861
6574;212.861
6575;212.861
6575;212.861
6576;212.861
6577;212.861
6578;212.861
6579;212.861
6582;195.269
6583;195.269
6584;195.269
6592;195.269
6592;204.314
6592;200.657
6593;204.314
6593;200.657
6593;212.861
6594;216.03
6594;206.543
6594;212.861
6595;207.169
6595;216.03
6595;206.543
6596;209.611
6596;216.03
6597;206.543
6598;213.032
6598;212.238
6599;204.314
6600;216.03
6600;214.131
6600;213.032
6600;214.131
6600;214.856
6600;216.03
6605;216.03
6605;214.856
6611;242.974
6611;242.974
6611;242.974
6611;231.715
6612;218.655
6612;216.03
6613;225.797
6614;224.696
6614;224.696
6616;219.595
6618;218.655
6618;219.595
6622;225.797
6631;219.985
6632;217.105
6633;207.169
6634;227.685
6635;206.543
6636;233.588
6637;234.935
6644;216.03
6644;214.856
6645;215.352
6645;213.032
6646;215.352
6646;213.032
6646;212.238
6647;219.411
6648;213.032
6652;216.03
6652;226.737
6653;226.737
6654;226.737
6655;242.974
6655;231.715
6655;231.715
6655;231.715
6656;231.715
6657;231.715
6658;231.715
6659;231.715
6659;231.715
6661;242.974
6661;242.974
6661;242.974
6662;242.974
6663;242.974
6663;231.715
6663;242.974
6664;242.974
6670;233.197
6670;225.932
6672;225.932
6673;233.197
6674;233.197
6674;233.197
6675;244.889
6676;244.889
6677;233.197
6677;233.197
6678;233.197
6678;233.197
6678;233.197
6682;253.508
6682;246.416
6683;253.508
6683;258.03
6684;258.03
6684;258.03
6685;258.286
6690;244.889
6690;244.889
6692;254.367
6692;254.367
6693;254.367
6694;254.367
6695;254.367
6695;254.367
6696;254.367
6702;195.269
6703;999.999
6705;999.999
6707;999.999
6710;177.207
6713;180.06
6714;180.06
6715;188.201
6716;188.201
6716;188.201
6716;188.201
6717;196.422
6717;196.422
6718;196.422
6718;196.422
6719;196.422
6720;196.422
6720;196.422
6721;180.06
6721;188.201
6722;188.201
6723;188.201
6723;188.201
6723;188.201
6724;188.201
6724;188.201
6742;174.499
6742;177.207
6743;174.855
6744;177.173
6745;171.516
6746;162.083
6746;162.083
6746;162.083
6747;162.083
6748;162.083
6749;162.083
6749;162.083
6760;162.083
6760;162.083
6760;162.083
6760;162.083
6760;162.083
6760;162.083
6763;162.083
6763;162.083
6764;162.083
6772;151.735
6773;151.735
6774;154.817
6775;156.018
6776;156.018
6777;156.018
6777;156.018
6780;147.312
6780;147.312
6781;153.562
6781;153.562
6802;209.139
6803;209.139
6804;209.139
6805;210.3
6806;209.139
6807;219.831
6807;221.576
6807;214.711
6808;214.711
6809;209.139
6810;214.032
6814;220.341
6814;219.831
6814;220.341
6815;228.692
6816;228.565
6817;230.368
6818;232.22
6821;234.716
6822;234.939
6823;234.939
6823;223.165
6825;243.216
6825;240.208
6826;238.998
6827;242.531
6828;244.373
6828;241.481
6830;244.373
6830;245.063
6832;245.063
6832;245.063
6833;246.122
6834;244.878
6835;246.41
6837;246.41
6837;246.41
6838;246.41
6838;246.41
6838;246.41
6839;246.41
6850;243.216
6850;240.208
6852;240.208
6853;240.208
6853;242.601
6854;242.601
6855;240.208
6855;242.601
6862;240.208
6863;240.208
6864;240.208
6865;240.208
6866;240.208
6867;242.531
6872;240.208
6872;243.216
6872;240.208
6873;243.216
6874;243.216
6875;243.216
6875;243.216
6875;243.216
6877;243.216
6877;241.481
6883;244.323
6900;223.165
6900;219.579
6900;219.579
6900;223.165
6900;224.275
6912;223.165
6913;223.165
6914;223.165
6915;223.165
6916;224.356
6916;223.165
6916;226.44
6917;223.165
6918;223.165
6919;226.44
6921;232.562
6922;233.58
6924;221.902
6925;223.165
6925;226.44
6926;226.44
6927;226.44
6928;218.427
6929;219.349
6930;220.311
6932;223.165
6933;221.013
6934;221.919
6934;221.538
6934;218.427
6935;221.538
6936;226.842
6937;224.826
6938;224.826
6938;224.826
6939;224.826
6939;224.826
6942;221.083
6942;219.847
6943;220.057
6944;222.427
6944;221.386
6944;219.831
6945;216.323
6945;215.31
6946;215.31
6947;221.576
6948;221.083
6948;219.847
6949;222.427
6950;221.576
6951;223.165
6951;223.165
6951;223.165
6951;223.165
6951;223.165
6951;223.165
6952;221.559
6953;221.576
6954;221.576
6954;221.576
6955;221.576
6955;221.576
6956;221.576
6957;221.576
6958;221.576
6958;221.576
6959;223.165
6959;223.165
6959;223.165
6959;221.576
6959;223.165
6959;223.165
6960;221.576
6962;223.165
6963;223.165
6963;223.165
6964;223.165
6965;223.165
6966;223.165
6967;223.165
6968;223.165
6974;223.165
6976;223.165
6977;223.165
6978;223.165
6979;223.165
6980;230.694
6981;230.296
6981;230.694
6981;228.24
6981;230.296
6981;229.506
6982;221.919
6982;221.538
6983;224.037
6983;223.641
6984;225.848
6986;229.506
6986;229.914
6986;230.296
6986;228.24
6987;225.41
6988;226.405
6989;230.694
6990;221.919
6991;223.641
6992;221.538
6992;224.98
6992;221.538
6992;226.842
6993;221.538
6994;228.847
6995;230.694
6997;233.353
6998;233.507
6999;232.814
7000;188.074
7000;201.216
7012;194.208
7012;191.621
7013;194.208
7014;201.039
7015;194.208
7015;196.488
7015;201.039
7016;201.039
7017;206.517
7018;206.517
7019;206.517
7023;185.716
7026;193.99
7027;204.341
7027;204.341
7027;204.341
7028;204.341
7028;204.341
7029;204.341
7031;211.371
7032;213.198
7032;211.371
7050;204.341
7056;204.341
7057;204.341
7058;204.341
7062;201.216
7063;198.54
7064;198.54
7074;201.216
7075;201.216
7076;206.874
7076;201.216
7077;206.874
7078;206.874
7082;206.874
7083;219.969
7084;226.553
7104;216.583
7106;216.583
7107;216.583
7109;216.583
7110;228.427
7111;215.846
7112;215.846
7113;228.427
7114;228.427
7115;228.427
7116;228.427
7116;234.775
7122;216.583
7126;215.846
7127;215.846
7128;215.846
7130;215.846
7130;215.846
7132;234.775
7134;177.801
7134;999.999
7137;999.999
7138;999.999
7141;215.846
7142;228.427
7143;228.427
7144;228.427
7145;228.427
7146;228.427
7147;228.427
7148;228.427
7149;228.427
7151;214.888
7152;213.576
7153;213.198
7154;215.846
7155;215.846
7156;215.846
7156;215.846
7157;215.846
7158;177.801
7159;177.801
7162;177.801
7163;177.801
7164;177.801
7165;177.801
7166;170.962
7167;170.962
7168;170.962
7172;165.773
7172;170.962
7173;165.773
7174;165.773
7175;165.773
7176;165.773
7180;157.403
7180;165.773
7182;157.403
7183;157.403
7184;164.306
7185;164.306
7186;157.403
7187;148.765
7188;148.765
7189;148.765
7202;183.15
7203;183.15
7204;181.234
7204;174.974
7205;180.979
7206;174.974
7208;175.312
7212;182.682
7212;182.682
7212;182.682
7213;183.439
7214;183.439
7215;183.439
7215;182.682
7220;185.03
7222;195.142
7222;185.03
7223;195.142
7224;195.142
7226;195.142
7226;185.03
7226;185.03
7228;185.03
7228;185.03
7231;189.079
7232;193.781
7233;189.079
7235;193.201
7240;193.626
7240;195.142
7241;197.664
7242;195.142
7243;195.142
7244;195.142
7245;195.142
7246;195.142
7247;205.495
7249;205.495
7249;197.664
7250;205.495
7252;205.495
7260;220.646
7260;204.341
7265;220.646
7265;205.495
7270;220.646
7272;220.646
7276;220.646
7277;220.646
7278;220.646
7302;180.979
7302;169.353
7302;174.974
7303;174.974
7304;167.88
7304;169.353
7306;167.88
7307;173.748
7310;167.113
7312;177.786
7313;177.786
7313;174.974
7314;177.786
7315;177.786
7315;196.488
7317;167.113
7317;177.786
7317;177.786
7320;161.147
7323;161.893
7324;161.893
7325;159.526
7326;159.526
7402;216.583
7402;198.603
7403;199.681
7404;209.168
7405;203.905
7405;214.07
7407;209.168
7408;214.07
7411;211.493
7412;211.186
7413;209.743
7414;209.743
7415;214.07
7415;209.168
7415;209.168
7416;209.168
7417;209.168
7418;209.168
7419;209.168
7421;214.07
7421;212.535
7422;214.07
7423;214.07
7423;214.07
7424;214.07
7424;214.07
7425;212.535
7426;216.628
7427;218.503
7428;223.02
7430;211.454
7430;214.344
7431;211.454
7431;211.454
7432;219.247
7433;225.842
7433;221.988
7433;227.231
7433;226.08
7433;225.842
7434;232.345
7435;999.999
7436;999.999
7437;999.999
7438;999.999
7440;222.677
7442;222.677
7443;222.677
7444;231.739
7445;231.739
7446;247.807
7446;287.13
7447;247.807
7447;247.807
7448;247.807
7450;206.874
7450;226.553
7451;226.553
7452;999.999
7453;999.999
7454;999.999
7455;999.999
7456;999.999
7456;999.999
7457;999.999
7458;226.553
7459;226.553
7460;999.999
7462;999.999
7463;999.999
7464;999.999
7472;226.553
7473;226.553
7477;999.999
7482;999.999
7482;999.999
7482;999.999
7484;999.999
7492;226.553
7493;233.786
7494;999.999
7494;220.646
7500;273.989
7500;271.829
7502;246.814
7503;270.329
7504;273.989
7504;275.498
7504;270.329
7505;273.989
7512;271.829
7512;267.761
7513;267.761
7513;267.761
7514;270.712
7514;270.712
7515;270.712
7516;287.13
7517;270.712
7522;263.439
7523;264.33
7524;267.128
7525;250.314
7526;250.314
7527;232.153
7530;232.153
7532;267.91
7533;267.91
7534;267.91
7535;267.91
7536;267.91
7537;267.91
7542;232.153
7543;232.153
7545;243.694
7546;243.694
7550;243.694
7551;243.694
7552;243.694
7553;243.694
7554;243.694
7554;243.694
7556;259.37
7557;259.37
7558;259.37
7559;259.37
7560;259.37
7562;283.213
7563;283.213
7602;287.13
7603;287.13
7604;287.13
7605;287.13
7606;287.13
7606;287.13
7608;287.13
7610;287.13
7710;308.859
7710;308.859
7741;308.859
7742;308.859
7742;308.859
7742;308.859
7743;319.826
7743;308.859
7743;319.826
7743;308.859
7744;319.826
7745;308.859
7746;308.859
7747;319.826
7748;319.826
8001;66.04
8002;66.04
8003;66.04
8004;66.04
8005;66.04
8006;66.04
8008;66.04
8032;66.04
8037;66.04
8038;66.04
8041;66.04
8044;66.04
8044;73.544
8044;66.04
8045;66.04
8046;66.04
8047;66.04
8048;66.04
8049;66.04
8050;66.04
8051;73.544
8051;66.04
8052;68.365
8052;68.992
8052;66.04
8053;66.04
8055;66.04
8057;66.04
8064;66.04
8102;61.444
8103;60.135
8104;58.567
8105;60.077
8105;60.077
8106;60.077
8107;56.639
8107;52.926
8108;57.827
8109;51.547
8112;52.926
8113;54.367
8114;54.821
8115;54.047
8117;77.936
8118;77.936
8121;77.936
8122;81.41
8123;81.41
8124;81.41
8125;72.154
8125;66.04
8126;75.5
8127;74.864
8127;87.615
8127;81.41
8132;87.615
8132;87.615
8132;81.41
8133;87.615
8134;76.134
8134;66.04
8135;85.523
8135;999.999
8135;999.999
8135;999.999
8136;80.104
8142;64.653
8142;66.136
8142;66.04
8143;69.042
8143;69.042
8143;66.136
8143;66.04
8152;71.268
8152;68.365
8152;68.992
8152;66.04
8152;68.365
8152;68.365
8153;68.992
8154;67.848
8155;62.434
8155;61.304
8155;62.434
8156;62.434
8157;59.915
8158;58.215
8162;64.371
8162;61.304
8162;61.304
8164;65.845
8164;64.371
8165;61.046
8165;58.996
8165;58.873
8166;57.033
8172;64.483
8173;64.371
8174;64.371
8174;68.559
8175;68.559
8180;77.494
8180;75.565
8180;77.234
8181;65.351
8182;69.364
8184;79.435
8185;77.234
8187;66.382
8192;75.565
8192;69.364
8192;75.565
8193;86.484
8193;75.565
8194;86.258
8195;69.813
8196;69.813
8196;91.05
8197;86.484
8197;92.541
8200;105.769
8200;113.605
8203;113.605
8207;113.605
8208;113.605
8212;105.769
8212;113.605
8212;110.764
8213;83.911
8214;88.864
8215;89.438
8216;90.382
8217;83.911
8217;78.34
8217;82.298
8218;82.298
8219;78.34
8222;106.979
8222;113.605
8223;83.911
8223;106.979
8224;88.472
8224;83.911
8225;88.864
8225;101.651
8226;88.864
8226;98.303
8226;94.296
8228;98.303
8231;113.605
8232;122.576
8233;126.056
8234;120.029
8235;122.144
8236;121.322
8236;123.973
8239;122.44
8240;123.973
8241;123.973
8242;123.973
8242;123.973
8243;123.973
8245;113.833
8246;113.833
8247;112.316
8248;110.764
8252;113.083
8252;107.826
8253;113.083
8253;113.083
8254;111.869
8255;111.869
8259;120.308
8259;120.308
8259;120.308
8259;120.308
8260;119.976
8261;120.532
8262;124.185
8263;121.427
8264;118.026
8264;116.989
8265;116.989
8266;126.595
8267;130.405
8268;128.898
8268;128.898
8269;128.898
8272;134.797
8273;134.797
8274;133.073
8274;132.953
8280;135.249
8280;131.233
8280;133.073
8302;71.268
8303;75.511
8304;72.383
8304;73.544
8305;74.707
8306;75.082
8307;80.227
8307;999.999
8307;999.999
8308;87.283
8308;999.999
8308;87.283
8308;88.947
8308;999.999
8309;71.268
8309;79.197
8310;80.258
8310;89.413
8310;80.258
8311;86.452
8312;80.258
8314;999.999
8315;80.258
8317;80.258
8320;87.283
8322;91.437
8322;97.308
8322;91.437
8330;90.08
8331;90.08
8332;91.437
8332;91.437
8335;93.454
8340;97.296
8340;99.756
8340;96.548
8340;91.66
8342;96.548
8344;97.296
8345;97.296
8345;91.66
8352;97.084
8352;89.413
8353;999.999
8354;97.742
8354;999.999
8354;999.999
8355;999.999
8355;112.834
8356;112.834
8357;112.834
8360;119.089
8360;116.662
8360;119.089
8362;115.066
8363;97.989
8363;115.066
8370;119.089
8370;117.36
8371;117.36
8372;122.59
8372;117.36
8374;122.59
8374;122.59
8376;127.028
8376;122.59
8376;133.791
8376;122.59
8400;89.413
8404;89.413
8404;89.413
8404;89.413
8405;97.742
8405;89.413
8406;89.413
8408;89.413
8409;89.413
8412;92.584
8412;92.584
8412;92.584
8413;92.584
8414;97.338
8415;95.581
8415;95.581
8416;97.518
8418;97.742
8421;85.806
8422;83.568
8424;79.583
8425;80.195
8426;77.576
8427;89.193
8427;79.583
8427;88.034
8428;89.193
8428;88.034
8442;95.022
8444;95.877
8447;111.644
8447;110.764
8450;99.345
8451;100.823
8452;98.82
8453;100.823
8454;89.961
8455;91.613
8457;97.864
8458;98.1
8459;99.848
8460;107.05
8461;100.823
8462;102.015
8463;106.562
8464;107.05
8464;102.015
8465;105.828
8465;105.828
8466;103.257
8466;105.828
8467;104.99
8468;999.999
8468;999.999
8471;98.484
8471;98.484
8471;98.484
8471;98.484
8471;98.484
8472;94.426
8474;99.699
8475;103.257
8476;999.999
8476;111.869
8477;999.999
8478;102.037
8479;103.123
8482;89.413
8482;999.999
8483;93.014
8483;999.999
8484;88.947
8484;88.947
8486;88.947
8486;93.014
8487;93.014
8487;93.014
8488;97.308
8488;97.989
8489;97.308
8489;97.308
8489;97.308
8492;100.114
8492;97.989
8493;100.114
8493;99.188
8494;106.704
8494;99.188
8495;97.989
8495;122.59
8496;106.704
8496;133.791
8497;106.704
8498;97.296
8498;106.704
8498;96.548
8499;99.188
8499;122.59
8500;110.827
8500;107.502
8500;103.382
8500;111.329
8500;116.05
8500;105.838
8500;107.502
8505;115.67
8505;115.67
8506;113.235
8507;123.138
8507;116.989
8508;123.138
8508;115.67
8512;116.05
8512;116.05
8512;116.05
8514;121.355
8514;124.506
8522;112.834
8522;112.834
8523;105.838
8523;999.999
8524;110.537
8524;110.537
8525;107.702
8525;999.999
8525;107.702
8526;107.702
8532;108.506
8532;108.506
8532;113.235
8535;113.235
8535;112.663
8536;108.506
8536;113.235
8536;112.663
8537;112.663
8537;112.663
8542;89.413
8542;98.985
8543;98.985
8543;98.985
8543;98.985
8544;98.985
8545;98.978
8545;98.978
8545;89.413
8546;103.382
8546;103.382
8546;98.985
8547;103.382
8548;108.328
8552;110.827
8552;107.502
8553;114.387
8553;114.387
8553;114.387
8553;114.387
8554;120.122
8554;124.506
8554;120.122
8555;117.139
8556;120.122
8556;120.122
8556;120.122
8556;120.122
8558;123.126
8558;123.943
8560;121.717
8560;120.122
8561;121.717
8564;123.126
8564;123.126
8564;120.122
8564;123.126
8564;123.126
8564;123.126
8564;120.122
8564;123.126
8564;123.126
8565;133.281
8566;133.281
8566;133.281
8566;133.281
8566;133.281
8570;134.348
8570;124.601
8572;134.348
8572;134.348
8572;134.348
8572;134.348
8573;133.281
8573;133.281
8573;133.281
8574;135.724
8574;135.724
8574;135.724
8574;135.724
8575;128.356
8575;124.601
8575;128.356
8575;126.942
8576;134.348
8577;136.367
8577;132.634
8580;148.734
8580;167.596
8580;142.438
8580;146.092
8580;150.328
8580;142.438
8580;148.734
8580;142.438
8581;142.438
8582;146.389
8582;148.734
8583;131.265
8583;131.265
8583;131.265
8584;128.356
8584;134.348
8584;128.356
8585;140.826
8585;140.826
8585;141.663
8585;141.663
8585;141.663
8585;141.663
8585;140.826
8585;140.826
8586;134.433
8586;140.826
8586;134.433
8586;141.663
8586;134.433
8586;134.433
8586;134.433
8586;134.433
8586;140.826
8587;142.438
8588;141.705
8589;141.705
8590;158.777
8590;147.518
8592;147.518
8593;145.564
8594;142.876
8595;140.142
8596;137.195
8596;137.195
8597;137.195
8598;135.249
8598;131.233
8599;167.596
8600;74.707
8600;73.544
8600;78.984
8602;75.082
8603;73.544
8603;78.984
8604;80.227
8605;80.227
8606;85.028
8606;83.342
8607;88.965
8607;93.038
8608;99.25
8608;99.756
8610;85.028
8614;93.361
8614;85.028
8615;85.028
8615;85.028
8616;85.028
8617;93.361
8617;93.038
8617;85.028
8618;94.444
8620;91.66
8623;91.66
8623;90.08
8624;93.361
8624;91.66
8625;93.361
8626;93.361
8627;93.361
8627;96.847
8627;107.664
8630;104.577
8630;108.376
8632;99.756
8633;99.25
8633;108.376
8634;107.664
8635;99.756
8636;99.756
8636;104.577
8636;108.572
8636;127.253
8637;108.572
8637;127.253
8638;127.253
8640;108.376
8640;101.494
8645;108.376
8646;108.376
8700;74.864
8702;72.154
8703;76.896
8703;78.943
8704;78.943
8706;82.241
8707;88.682
8708;91.459
8712;106.378
8713;106.378
8714;107.664
8714;108.376
8715;108.376
8716;124.61
8716;124.159
8717;123.068
8718;127.053
8722;126.573
8722;127.053
8723;127.053
8723;127.053
8725;128.649
8725;128.649
8725;127.253
8726;128.649
8726;143.214
8727;127.253
8730;120.05
8730;124.61
8730;124.159
8730;128.649
8732;127.253
8733;127.253
8734;108.376
8734;127.253
8735;127.253
8735;127.253
8737;126.573
8737;128.649
8738;126.573
8738;128.649
8739;126.573
8739;128.649
8750;147.576
8750;138.112
8750;138.112
8750;106.391
8750;138.112
8751;106.606
8752;129.302
8753;129.302
8754;129.302
8754;138.112
8755;147.576
8755;138.112
8756;147.576
8757;129.302
8758;129.302
8762;147.576
8762;147.576
8762;147.576
8765;147.576
8766;147.576
8767;147.576
8772;147.576
8773;147.576
8774;147.576
8775;147.576
8775;147.576
8777;147.576
8777;147.576
8782;147.576
8783;147.576
8784;147.576
8800;80.104
8802;75.775
8803;75.775
8803;78.363
8804;999.999
8805;95.072
8806;101.494
8806;97.083
8807;101.494
8808;101.494
8810;999.999
8815;999.999
8816;999.999
8820;999.999
8824;999.999
8825;999.999
8832;98.444
8832;101.494
8832;97.083
8832;101.494
8833;95.072
8833;97.083
8834;98.444
8834;97.083
8835;98.444
8836;107.551
8836;98.444
8836;92.038
8840;107.551
8840;107.551
8841;107.551
8842;109.797
8842;92.606
8842;113.882
8843;109.797
8843;92.606
8844;107.551
8844;113.882
8845;113.882
8846;107.551
8846;107.389
8847;107.551
8847;98.444
8849;115.678
8849;92.606
8852;107.389
8853;110.862
8853;109.163
8853;112.183
8854;110.862
8854;114.269
8854;112.183
8854;110.862
8855;114.269
8855;120.05
8855;112.183
8856;120.05
8857;119.063
8858;123.012
8862;114.269
8863;114.269
8863;123.068
8864;120.507
8865;129.302
8866;129.302
8866;127.053
8867;129.302
8868;129.302
8872;129.302
8872;136.65
8872;130.594
8873;136.65
8874;129.302
8877;143.786
8878;143.786
8878;150.128
8880;150.128
8881;150.128
8881;150.128
8882;143.786
8883;143.786
8884;143.786
8885;143.786
8886;159.526
8887;159.526
8888;154.323
8888;159.526
8888;161.147
8889;159.526
8890;154.323
8890;150.128
8892;154.323
8892;150.128
8893;154.323
8893;150.128
8894;154.323
8895;154.323
8896;154.323
8896;143.786
8896;150.128
8897;154.323
8898;154.323
8898;143.786
8902;61.152
8902;60.011
8903;64.653
8904;66.523
8905;68.268
8905;69.234
8906;70.245
8907;68.913
8908;73.269
8909;82.525
8910;82.525
8911;83.257
8912;82.706
8913;72.574
8914;87.257
8914;87.257
8915;86.823
8916;55.967
8917;55.764
8918;54.7
8919;52.969
8925;86.823
8926;82.738
8926;82.738
8926;82.738
8932;83.818
8933;78.891
8934;77.766
8942;81.275
8951;56.72
8951;60.135
8951;58.567
8952;55.894
8952;61.152
8952;60.135
8952;66.04
8953;55.894
8953;52.738
8954;56.72
8955;55.509
8956;49.924
8957;52.738
8962;58.498
8964;53.923
8964;60.175
8965;53.923
8966;55.39
8967;51.901
8967;58.498
8967;54.658
9000;147.589
9008;147.589
9008;152.934
9010;147.589
9011;147.589
9012;154.187
9012;147.589
9014;156.658
9014;147.589
9015;147.589
9015;139.126
9016;147.589
9030;147.589
9030;144.305
9030;144.305
9032;144.305
9032;144.16
9033;154.753
9034;160.575
9034;159.421
9035;160.12
9035;159.421
9036;163.038
9036;159.421
9037;157.289
9037;160.575
9037;147.589
9037;159.421
9038;160.12
9038;163.038
9038;160.575
9042;157.289
9042;154.187
9042;147.589
9043;158.391
9043;162.124
9043;160.551
9043;165.679
9044;165.679
9050;156.535
9050;156.83
9050;160.575
9050;156.798
9050;159.457
9050;160.575
9050;156.798
9050;156.535
9050;160.575
9050;160.575
9050;159.457
9050;156.535
9050;156.798
9052;154.187
9052;156.798
9053;158.391
9053;154.187
9053;156.798
9054;156.798
9055;158.391
9055;162.124
9055;154.187
9055;156.798
9056;162.124
9056;156.535
9056;156.798
9057;160.575
9057;159.457
9057;159.457
9057;159.457
9058;160.575
9058;159.457
9058;190.1
9062;154.187
9063;152.37
9063;156.658
9064;152.37
9100;144.03
9100;147.921
9100;145.915
9100;139.126
9103;147.921
9103;152.466
9103;145.915
9103;142.071
9104;147.921
9104;152.466
9104;145.915
9105;149.299
9105;147.921
9105;142.071
9107;152.37
9107;149.299
9107;152.466
9107;159.457
9107;175.029
9107;154.758
9107;146.561
9108;156.83
9108;156.798
9108;159.457
9108;156.83
9108;156.83
9112;144.03
9113;147.921
9113;142.071
9113;140.452
9113;135.264
9114;142.071
9115;142.071
9116;142.071
9116;140.452
9122;134.748
9122;142.071
9122;142.071
9123;142.071
9123;130.148
9125;134.748
9125;142.071
9126;134.748
9126;142.071
9127;146.561
9127;142.071
9200;135.264
9200;134.343
9200;139.126
9203;134.343
9203;131.355
9204;140.477
9204;139.126
9204;144.16
9205;144.16
9212;140.477
9212;139.126
9213;144.16
9213;145.983
9214;136.367
9214;131.265
9215;136.367
9215;136.367
9216;134.433
9216;139.814
9216;139.814
9217;136.367
9220;150.328
9220;139.422
9220;145.983
9220;141.705
9223;133.059
9223;139.422
9223;139.422
9225;145.983
9225;145.983
9230;140.452
9230;135.264
9230;130.26
9230;131.355
9231;135.264
9240;130.26
9240;129.287
9240;130.26
9240;131.355
9242;124.439
9242;130.26
9242;129.287
9243;130.148
9243;124.439
9244;130.26
9244;129.287
9245;133.059
9245;131.355
9245;133.059
9245;131.355
9246;134.343
9246;144.16
9247;129.287
9248;130.26
9249;129.287
9249;129.287
9249;129.287
9300;147.589
9300;152.934
9300;160.235
9300;144.305
9300;144.16
9304;144.16
9305;160.235
9305;160.266
9306;160.235
9306;157.286
9308;149.51
9308;150.328
9308;152.934
9312;149.51
9313;150.328
9313;141.705
9314;159.461
9315;159.461
9315;157.286
9315;149.51
9315;159.461
9320;162.959
9320;157.286
9320;162.959
9320;157.286
9320;162.959
9320;157.286
9322;159.461
9322;167.596
9323;160.266
9325;157.286
9326;156.951
9326;158.661
9327;154.619
9327;156.951
9400;158.282
9400;159.77
9402;158.282
9402;154.619
9402;154.753
9403;158.282
9404;163.28
9404;154.753
9404;167.611
9405;163.038
9405;168.113
9405;159.421
9405;163.28
9410;163.038
9410;172.269
9411;182.763
9411;177.743
9411;182.763
9413;163.038
9413;169.622
9422;163.28
9422;167.611
9423;167.611
9424;168.161
9424;173.416
9425;172.269
9425;168.161
9425;167.611
9426;168.113
9426;168.161
9427;163.038
9427;168.113
9427;175.203
9427;172.269
9427;169.622
9427;167.611
9428;175.203
9428;172.269
9428;169.622
9428;173.416
9430;173.416
9434;177.49
9435;177.49
9435;180.607
9435;177.743
9435;180.682
9436;180.607
9436;181.084
9436;193.945
9437;182.763
9437;189.25
9437;186.441
9442;169.622
9442;177.743
9442;169.622
9442;177.743
9443;181.084
9443;180.682
9444;181.084
9445;180.607
9445;186.441
9450;162.124
9450;190.1
9450;169.622
9450;190.1
9451;193.945
9452;190.1
9452;204.044
9453;190.1
9453;204.044
9462;193.945
9463;190.1
9463;193.945
9463;200.213
9464;190.1
9464;200.213
9464;190.1
9465;188.497
9466;188.497
9467;160.575
9467;188.497
9468;188.497
9469;180.752
9469;188.713
9469;184.452
9469;188.497
9470;180.752
9470;184.452
9470;177.462
9470;184.452
9472;184.452
9472;184.452
9473;188.713
9473;188.497
9475;177.462
9476;177.462
9476;168.973
9476;168.973
9477;168.973
9478;168.973
9479;168.973
9479;168.973
9479;168.973
9500;127.028
9500;125.901
9500;121.672
9500;116.662
9502;124.913
9503;126.942
9503;126.942
9504;126.942
9506;115.644
9507;111.956
9508;115.644
9512;121.672
9514;121.672
9514;130.661
9515;125.901
9515;130.661
9517;126.942
9523;125.901
9524;133.059
9524;125.901
9524;121.672
9525;133.059
9526;133.059
9527;144.03
9527;133.059
9532;127.028
9532;124.439
9532;121.581
9533;127.028
9533;127.028
9534;127.028
9535;121.581
9535;122.311
9536;124.439
9536;129.287
9536;121.672
9536;121.581
9542;116.662
9543;121.672
9543;116.662
9545;112.603
9546;112.603
9547;112.834
9548;107.502
9548;111.329
9548;111.956
9552;121.672
9553;119.924
9554;121.548
9555;121.355
9555;121.548
9556;121.355
9556;121.355
9562;121.355
9562;126.942
9562;121.355
9565;126.942
9565;126.942
9565;126.942
9565;126.942
9565;126.942
9573;117.36
9601;127.028
9601;130.148
9601;133.791
9601;131.814
9602;127.028
9602;130.148
9602;127.028
9604;130.148
9604;130.148
9604;124.439
9604;130.26
9604;130.148
9606;131.814
9607;133.791
9608;130.148
9608;131.814
9612;133.791
9613;127.028
9613;133.791
9614;133.791
9614;131.814
9615;143.214
9615;133.791
9615;131.814
9620;143.254
9620;134.748
9620;142.071
9620;143.214
9620;131.814
9621;134.748
9621;131.814
9622;143.214
9630;142.071
9630;143.214
9630;133.791
9631;143.214
9633;147.105
9633;154.758
9633;146.561
9633;143.214
9633;146.561
9642;147.105
9642;143.214
9643;147.105
9643;154.758
9650;154.758
9651;154.758
9652;154.758
9655;154.758
9656;175.029
9657;175.029
9658;188.713
9658;184.452
9658;175.029
